,return,std,skew,kurt,alpha,beta,RSQ,p_value,std_err
AAN,0.01162404841363682,0.09869387226918433,0.564735116775541,1.5059578347990081,0.009213443648590265,0.21750934569614744,0.21644426358349053,0.00020506382098384299,0.05481537647882101
AAON,0.021556803558397578,0.0879882965765832,-0.24227798135219691,1.7007716788468246,0.004611632365411988,0.33076102533722684,0.39782157962113146,8.588085053314942e-08,0.05390081438993673
AAPL,0.032236681930165635,0.0744540272367636,-0.12128328740091505,-0.14165720996957853,0.002041873994554513,0.3008966257705791,0.23573327039193245,9.706388091819173e-05,0.07176156909759414
ABM,0.008654905928155727,0.085936433061614,0.030461472565479125,1.7285700275523421,0.008672023405155075,0.35468431820145857,0.4363635639402022,1.2490930509956907e-08,0.05339244997547685
ABMD,0.009399269542384679,0.18735611029140073,-0.8341271044761078,1.9459783006880045,0.010677231384945881,0.11325895311698694,0.21149040422527368,0.00024791202020787274,0.02896631658488241
ACHC,0.03638272615870823,0.12848446609216752,-0.7038786983106482,0.8846513414006161,0.007324679719046359,0.12140660034836766,0.11428670268594361,0.00882534962116624,0.044766547428747805
ACN,0.016335199436224874,0.06603149951580989,-0.28115466453506777,-0.09904467127052952,0.00448784029244986,0.44406819452994106,0.40384202948760684,6.404903639521949e-08,0.0714639735932139
ACOR,0.008965968780168728,0.11248843421846186,-0.24367074293700627,-0.6025864676582682,0.010567294352623612,0.13099403863137649,0.10198320718615156,0.013685800344426348,0.05148633762555485
ADM,0.0074057213491986375,0.06911182648586378,-0.20357995651931682,-0.2991801664177718,0.009748632195688993,0.2691365936834003,0.16250252094125284,0.0015474493355730737,0.0809276680962707
ADP,0.014632907530487694,0.04374222445021203,-0.2598528991203571,-0.5014071324433664,-0.0007650486591183926,0.8547058365838186,0.6565154140734911,7.639410370040372e-15,0.08188614094126702
AEIS,0.014795813883215594,0.14707003151874942,0.06003898814884071,-0.14901557432283852,0.009139311113223561,0.17589243286639603,0.3143059056408294,3.875329639846714e-06,0.03441110842202233
AEL,0.021425453692415868,0.12173830550241446,-1.537377233102579,7.228977310611434,0.005635897397428623,0.28498278279696243,0.5653294489945201,6.730092212149288e-12,0.03309866667896233
AEO,0.011712881439885027,0.1019156568006286,-0.5315429173472326,1.0558012244189658,0.009628400046851794,0.18043235367621904,0.15882559921140926,0.0017702994588142179,0.054999628879626714
AEP,0.009778305291937548,0.04870491338167962,-0.5130971584275876,0.2664348096485387,0.007924343430196913,0.39039887477551044,0.16981362134461184,0.0011829483623622583,0.11433328173221002
AGCO,0.015420181425629401,0.1037372099766815,0.007181084416926198,-0.03078042527562541,0.00613180572770916,0.36380746314355444,0.6689939544133494,2.637177402662858e-15,0.033895421782849766
AGO,0.013589767551887427,0.1810104003950991,-0.2587458903405292,0.9006486053438412,0.009107251877730897,0.19386136853267627,0.5783616193065605,2.7962544919718015e-12,0.02192422156016685
AIMC,0.023131227867093887,0.14113112882715115,-0.708827586326821,0.6405023173691471,0.006924791161675135,0.20824625823509313,0.40570457243455704,5.8459885771452695e-08,0.033383819392003154
AIR,0.009661986280403604,0.12954510311675063,-0.6548359416264968,0.26388329438806,0.009527981810592615,0.22912483401866937,0.4138054319141952,3.9174827045946885e-08,0.03612081466590008
AIZ,0.01473388179463023,0.07558487612017831,-1.1005250538493718,2.0390892556042752,0.005730765861237134,0.4079723888062095,0.44662313177396035,7.320256896651796e-09,0.060149668463697965
AJG,0.01380598815498919,0.0817485525489423,-1.4079597944863191,11.044747884720996,0.006158277383409373,0.40442635233998936,0.5133917608691508,1.7569617266329634e-10,0.05215155955650632
ALL,0.010802208299359939,0.09020978911654569,-1.9476657923194365,7.629886492593075,0.00746990223496705,0.3954636366961024,0.5977647554867564,7.189391534291189e-13,0.04296789084923358
AME,0.02293199177180035,0.07094032637296686,-0.5090818476581447,0.829373137234048,0.002546300524487769,0.4009892546796017,0.38006833888810254,2.0075682909329567e-07,0.06783227287705583
AMKR,0.017159907826861973,0.15437809434977892,0.6867489260527825,0.8924011517480901,0.008246001296954592,0.20371796583626697,0.46455792350873776,2.810388267134987e-09,0.028968647248175234
AMN,0.008391521783034823,0.14764887374408217,-0.21568138201136017,0.46237498930378074,0.010472067365779998,0.15130931914730197,0.2344236856143725,0.00010216867240442533,0.036217773527554405
AMT,0.01703348551573613,0.045734292151785455,0.2577859903994445,-0.1936333032404689,0.007477835323801547,0.25032736169235714,0.06156167477407298,0.05812076832774723,0.12945491655645192
AMTD,0.013134076087833827,0.08506113843388324,-0.4252927308038215,0.27194878306792836,0.006616637361324051,0.3902174327133793,0.5174704741620311,1.3771002296543998e-10,0.04991009522571697
AMWD,0.012485240223582432,0.13131662581179268,-0.38611369359465664,0.9137442091298262,0.009854180086248391,0.15118673676514527,0.18512994620092207,0.0006705138088040867,0.04201284646133042
ANDE,0.028928065025761698,0.11461991568979854,0.1846529352614643,2.3145134775996983,0.005957872840195497,0.19994112872860426,0.24668020847500258,6.30599270264589e-05,0.04627934962184088
ANF,0.008168824348834456,0.15410715397475805,-0.6209002928048201,1.0690448549533862,0.010489938757582399,0.1532465385887466,0.26196110043179843,3.423533544355731e-05,0.03407018323063292
ANTM,0.014227270145103374,0.0796585194210886,-0.7553657450662719,0.2359129878388493,0.008125026852091174,0.2542129252064819,0.19260589478246187,0.0005068809464267942,0.06893951122831664
AOBC,0.027966324797933807,0.16591069833335062,0.5688371877187232,0.5637622592655296,0.010574468110748128,0.04174001092624321,0.022524945968428252,0.2565491344509891,0.03641967726579634
APH,0.022047923997306415,0.07238375454806842,-0.008032596639795006,0.2028764418140998,0.0021057803607703214,0.4370480619303503,0.47005693920291547,2.082607800423316e-09,0.061465460767979964
ARCB,0.0021644058095856493,0.16242349719303106,0.33607274698878875,1.9130708765485114,0.011390510363238255,0.16229509668972056,0.3263761167054331,2.2964244808536665e-06,0.03088286081127949
ARGO,0.008742233848210027,0.06737520652959887,0.0423216174492684,0.14073147602987834,0.00902689568814398,0.3105484447539281,0.20562162859890593,0.0003100380037861833,0.0808483645238551
AROC,0.007172011965959379,0.5216463033760167,-0.41589865927153236,6.387129039260859,0.01170087012271006,0.005704492806882611,0.004159069717096751,0.6274845169993033,0.011691668551556126
ARW,0.01699132035876832,0.09653948432184573,-0.28931265154281327,0.13544120249648017,0.005450616538649244,0.3702576457800096,0.6001058750969025,6.076292447623933e-13,0.040033649278040366
ASB,-0.002075050204365022,0.3213615906312341,-0.30153606109387504,10.04635750350003,0.011792974600389132,0.024670143835891303,0.029521686111469582,0.19318030217844148,0.01873512487743259
ASH,0.03876257151009102,0.15884018212686035,1.8255579233483077,7.532867896917201,0.003960365052157892,0.200745653811877,0.47755446957282904,1.377317021805757e-09,0.02781107496001384
ASTE,0.003353981633888734,0.09592683844705575,-0.18651363634205587,-0.3692245275483512,0.010605314368491875,0.33884158261511116,0.4962305799862845,4.793763056106692e-10,0.04522029720148319
ATO,0.014167231948032754,0.046497979475841944,-0.5026776516937099,0.31021197058937755,0.003598179039345492,0.5748196827656281,0.3355376686589694,1.5349035949082254e-06,0.10714175213609617
ATR,0.011727255761808861,0.053327687574391394,-0.40366454333076845,0.38171450411441343,0.004366051202531911,0.6289392642794358,0.528363464226182,7.11371716628128e-11,0.07870613957003386
AVY,0.009687533862253388,0.09811783989281547,-0.3722989932934389,0.8137750482175341,0.008286714081922357,0.3566510094917718,0.5751653710084431,3.4768564478242934e-12,0.040599400364788645
AWI,0.023032720846150507,0.14413578232631333,0.6316940722510073,1.5106342693391532,0.007849363994283362,0.16899518059968732,0.27867763546173135,1.7332880577492362e-05,0.03601227286289137
AWR,0.014527807721628845,0.06381814258615078,-0.44019844476469044,1.135392511795228,0.008278246902744781,0.238407334196714,0.1087269991247769,0.01076193256060436,0.09041049735264546
AXAS,0.02727860756291319,0.17900744074991623,0.39231301532906176,-0.10594843205132731,0.009120556825949264,0.09609090131840863,0.13896856070921512,0.0036403443533003094,0.03168079447561679
AXL,0.03292066020684334,0.25935810516728464,0.2922286136164493,6.202969967380422,0.009289231281891502,0.0744988562221917,0.17535119014451347,0.0009642197575164034,0.02139894372279281
AXP,0.027569851157806545,0.11392166460264634,1.9045397775156683,11.41719240585208,0.003997170975307108,0.28090872865959293,0.4810087439569721,1.1362215227076357e-09,0.03864838415145782
AXS,0.011261106955140026,0.06006055038648087,-0.06482021834221938,1.5234844041977027,0.006407794008971069,0.47366469616692813,0.38012856557679925,2.001871127500463e-07,0.08011597951714963
BAX,0.007937480323122328,0.062426392194272436,-0.666062811901651,1.0507699012130907,0.009183274614422886,0.32233254065585354,0.19017552950326394,0.0005552546304332435,0.08810181476383552
BBBY,0.019009440341364384,0.07663100138952558,-0.02349222401175576,0.414355945787543,0.005244178725742972,0.34180933109845674,0.32224537202679593,2.74939191557729e-06,0.06565826282047503
BBI,-0.003307961117552335,1.392867336007688,-0.029928999612628893,1.8747593400214484,0.011736621670668244,-0.0015602186752198964,0.0022181980037911,0.7231732719360989,0.004382941544058332
BCOR,0.022855984093598496,0.11423036178843703,-0.9216919581109254,2.5345833451727957,0.007281399550388213,0.1951516611460104,0.233408930031635,0.00010630291753604112,0.04684443104948761
BDX,0.009645607503615723,0.055350039347515215,-0.6247543543262493,0.31790189174459194,0.007267141754074522,0.4639045345385326,0.3096727291934617,4.726996627854692e-06,0.09174179307594439
BEN,0.019465663683750987,0.09062244683846406,-0.8994685833379749,1.3130235616836687,0.0034939000010948493,0.42371444129957114,0.6925130453955374,3.1749253768617975e-16,0.037396865848507925
BGFV,0.023652891555850066,0.14654464933968883,0.18470846487629208,0.22597571692331186,0.007921910055930258,0.16149707313504866,0.26307471117425446,3.273116883180657e-05,0.03580135030548236
BHE,0.009958059954149832,0.08656603100496518,-0.1617171726666657,0.30193470691546587,0.007917355214271869,0.3840534819751838,0.5191445319647571,1.2453485302437165e-10,0.04895729528349739
BIIB,0.030673853153069953,0.08708275718999386,0.2360106805616848,0.45045641131757197,0.003667813582465297,0.26321992188670895,0.24678099585911392,6.280852334268853e-05,0.06090965033348227
BIO,0.00826232659387406,0.0703051278353156,-0.5172993903529162,0.12321536955444401,0.007137128406734917,0.557307237172138,0.7210630290018428,1.9374506415262828e-17,0.045911732457138164
BK,0.0045986846329941974,0.08046422820838271,0.0024907353094406055,0.2099773442733257,0.010003143961185873,0.3780730776189042,0.4346774029291603,1.3625382980116316e-08,0.05710879092893729
BKD,0.02802727354555724,0.1818819891661372,0.22339597529871025,4.396456228250894,0.006852471145504346,0.17444835152905686,0.4728495594174482,1.78652501531014e-09,0.02439693306130154
BLDR,0.025894236053598123,0.1989911258340692,-0.24959339214077567,0.5904583319084304,0.009335270655745052,0.09293620992156294,0.1606375942305723,0.0016568047740158868,0.0281383541028659
BLK,0.016109856478071564,0.09044319983579846,0.025962005006010147,0.6554611333819005,0.005241476928128819,0.40349868380888604,0.625526828971576,9.165606323069579e-14,0.041351577133203074
BMY,0.017270909884281434,0.06493996354225237,0.00812346768330711,0.3902467446815763,0.007359335031325327,0.2537473596596071,0.12753723676019313,0.005492573854093309,0.08790610806556165
BPOP,-0.00963187580023801,0.19859165061091097,-0.32774914597879845,1.5502892820076237,0.013009517646138571,0.13161868560706455,0.32089793940864253,2.9150554517134344e-06,0.02536087196847762
BRKS,0.011462393496960462,0.13577874158151756,-0.5024572804803821,1.6998803626650902,0.009589226098468386,0.1877929522732899,0.30537395648261845,5.677696415546997e-06,0.03751469283061081
BSX,0.006828437415727319,0.09918124850152067,-0.058708180250759245,0.5584272362888747,0.010138166097709927,0.23484387686959823,0.2548164627477145,4.561160973290448e-05,0.05319363854853693
BXS,0.002459098497914177,0.0933813842260249,-0.5670336129613367,0.21015381885840334,0.011029246221762155,0.28975520591101755,0.34386895442744797,1.0593609210554963e-06,0.05301425091823778
C,-0.003969645742404556,0.19905547064872217,-1.4285780705638358,6.40344570569223,0.01242860042109658,0.17301735527155582,0.557105482453154,1.1561510968150798e-11,0.020433072562843293
CAG,0.015823215233318012,0.046682423079090776,-0.48312311584476963,0.4141041603086135,0.0035604214642493224,0.5170479721406063,0.2736392033059562,2.130994331317561e-05,0.11157848256247228
CAI,0.03358919667746711,0.6006983173534867,0.24670777572242442,5.7454591894926015,0.011451921742119424,0.008629592247907977,0.012621275318465727,0.39690753676984125,0.010109812709237241
CAKE,0.02696706650671575,0.09423177122202339,1.6617061335676722,5.115579749085237,0.0034149922473143326,0.3087762832487825,0.39764217240744615,8.663110809077893e-08,0.050337027696745015
CASY,0.02105827012257349,0.06698093781611245,1.4441499318853415,3.600347019233986,0.004495938829872703,0.34408543253231605,0.24948525260771134,5.641535391086834e-05,0.07904711686244482
CBRL,0.030168871207774613,0.08090435407469804,0.4917424420074441,0.7317065265425624,0.005664726191535068,0.20143467019341466,0.12474469683335715,0.006071107425913968,0.07067293431683866
CDNS,0.021805667484344638,0.08507561024627325,0.34438601906480426,0.7994494039989961,0.005405500472820336,0.2905796094116148,0.2870451912466961,1.2265116146081809e-05,0.06065736932419511
CFR,0.008634741749935244,0.053105548489471285,-0.45076953075119414,0.38406346626921684,0.006395735176518856,0.6191323135867947,0.5077577937241289,2.451845990436963e-10,0.08074342519320904
CGNX,0.026810837422310677,0.09552574555531107,0.2838653558062419,0.48031192662694355,0.003373610934186885,0.31211900424379435,0.4175333363033764,3.2526500974937473e-08,0.04882842817458634
CHD,0.01736778791257258,0.04811964942243013,-0.36587351057720674,-0.6448667400554595,0.004289130743520393,0.4291077313573922,0.20025688041591228,0.00037994463310144974,0.11358224398002958
CI,0.028023131030700543,0.06776707705985699,-0.2082825258734679,-0.5113320245235924,0.002335086343501226,0.33567614052741235,0.24304590758066733,7.280877227002213e-05,0.07846458093668938
CIR,0.01833079598761445,0.09938198809922213,-0.458295193776688,-0.3219980102801543,0.0072193094634411354,0.2467145099970187,0.2823674318730755,1.4887666445183658e-05,0.05209559858915037
CL,0.015087183258821794,0.03934545172858901,0.12991755331133767,0.009039615213771501,0.003660273253031695,0.5356539667948705,0.20862559149698348,0.0002765497212854516,0.13818283802467984
CLR,0.027914698534484424,0.11108842877186466,-0.16675584016967143,0.07031333948792584,0.0035930718525613546,0.2919147040313864,0.4939232269809372,5.472498833453369e-10,0.039137855136482345
CMC,0.01104110979865215,0.10395524958750937,-0.14306421673223124,0.2711204472734856,0.008417310408172358,0.30109947875115145,0.4601746775943259,3.5612147404945435e-09,0.04319543420086075
CMCSA,0.01998580615985121,0.0738560204721087,-0.45009765873946495,-0.4138946819964495,0.0026273538967350202,0.45604509739293825,0.5328405248605174,5.399068134712663e-11,0.0565593383991932
CME,0.014013122195254128,0.0962031032269586,1.173598333509865,2.9500705575342874,0.008438552103922786,0.23572410655040757,0.24154386859923152,7.725269297110156e-05,0.05532657613639893
CMP,0.005329033708939575,0.06937969173504854,-0.02450732801946792,0.02720681414324133,0.010289020251776049,0.27261275513563743,0.16802230338911042,0.0012635899098403904,0.08034911897150987
CMS,0.019759757415690575,0.0472499370099429,-0.28049675417176373,0.8080906557551448,0.007577978173307367,0.2107214452322701,0.0465618040321368,0.10071666556399116,0.12629980564227294
CNMD,0.009600910650877566,0.09468717622254434,-1.36460770636537,6.04429478238756,0.008494736168444206,0.33820194385828906,0.4816642213827528,1.0953279685121883e-09,0.04646993569852505
CNO,0.020292920856679462,0.19431520349072903,-1.4830667645181097,6.71514122854235,0.008400823954476899,0.16463666726439571,0.48070269183170844,1.155817080795118e-09,0.022665165620266013
CONN,0.03325625638959507,0.2119838654635274,-0.46406987484548284,0.736505438042713,0.01052969787048763,0.03644682458222651,0.028037214597946735,0.20493795964965997,0.028423637404211652
COO,0.035425126298447004,0.073739529549207,-0.1096161896509437,-0.5450382699918603,0.010342155788275005,0.03950944347563567,0.003986689461439765,0.6347249702408699,0.0827160622857142
COP,0.014518207281478571,0.06824764220243042,-0.8455706866010927,1.9713757743874556,0.00455054826854128,0.49532524267053285,0.5367426235052835,4.2365079265863857e-11,0.06095104592110794
CPRT,0.0157495964150981,0.06357812593420326,-0.07705182620360507,0.5627901168073106,0.008095346023572553,0.23152572889503378,0.10177094874969614,0.013789673785849202,0.09110526366143482
CR,0.02390027722106612,0.08510134787031665,0.4025870819834014,1.362595326511073,0.0024710741471831374,0.38789126086061665,0.5118028807137623,1.9308253136009665e-10,0.05017863123133666
CRL,0.011673697322884978,0.07916484207348408,-0.2649116266628793,0.06240457874368843,0.008650673812777067,0.26479262868533604,0.2063889016880797,0.0003011264689185012,0.06877477203474648
CSCO,0.005513689738034474,0.08617895372829892,-0.11572396472069944,-0.09240046777714639,0.009808097262278465,0.35070626803016475,0.429041545694958,1.818710225378462e-08,0.05358690567065476
CSGS,0.008729136182928941,0.08609812677120526,-0.39847847266748676,1.7049715414455386,0.009148633459614064,0.2970682664841404,0.30726266118358675,5.23913201272238e-06,0.05908105458091429
CTAS,0.01631640160355046,0.06319977804449718,0.3451293230700999,1.1444455709743373,0.003968985985963891,0.47637935227859884,0.42574232126006817,2.1509734681009844e-08,0.07328169322338392
CTB,0.025694884238549483,0.168613040106602,1.1993513502756423,4.350194181882687,0.00770723068599557,0.1570177195557172,0.3292224991038064,2.027327375761493e-06,0.029686276466605526
CTSH,0.027939392381794166,0.07959856998707218,-0.5602494873762692,0.7316340488800837,0.0018880325781892963,0.3526830541100938,0.3701600758882186,3.1930722329460224e-07,0.06093509189590466
CVI,0.0426226631932798,0.1540121625941089,-0.578091600074774,-0.06250132101566486,0.006892339642542591,0.11377616524916628,0.14421900032390134,0.003011135826290014,0.03670996274475597
CVS,0.015431538509091729,0.06458860415300688,-0.37273043170045334,0.21880237027986338,0.005295684953395506,0.4177223065728299,0.34189833920347523,1.1569185914837584e-06,0.07676234569514093
CVX,0.011293880015636486,0.056759659929788375,-0.11996377627508295,0.12820978943009465,0.0045708128407201416,0.6349429923757232,0.6100408208559127,2.943578163279316e-13,0.06723995776176966
CW,0.008593245100478524,0.07376856089553291,-0.5172068284218847,-0.03236648313640966,0.007829073405085853,0.45532384594464953,0.5298992096814172,6.473437714936066e-11,0.056804379791778985
CWT,0.0037196123340428764,0.047187986457054416,-0.27294258913926683,-0.00021680371835897105,0.009925345649054111,0.48834045088573486,0.24941246254458677,5.6578840544336105e-05,0.11220878800201348
CYH,0.017769578443130776,0.13383076121574713,0.25945015354295276,0.13075038631691527,0.008815789813733791,0.16466305089967215,0.22809410983144,0.0001307601601464582,0.04012211997262051
DAKT,0.012423070928251892,0.12390496469640418,0.006391878076163416,-0.09960996018877033,0.0093704183017433,0.19088392277022415,0.26273986827131884,3.317656225515624e-05,0.04235252518805977
DAL,0.015773006611888685,0.14179455303170269,-0.86467254486895,2.0199193753330036,0.009099404932402374,0.1675253137208933,0.2650268252267991,3.024790086316938e-05,0.03695165029700732
DDS,0.05389201520256579,0.1369958103907489,0.3831341888780692,0.81408803014331,0.0007664332856224237,0.20365446507251397,0.3656051482437057,3.943378063468286e-07,0.03553286142252895
DE,0.015249927368688508,0.09018183634016064,-0.1389697965772548,0.670798913369437,0.005872529951842648,0.38487087312881135,0.5658197435597595,6.514396960078496e-12,0.04465536092776537
DGX,0.0036369382248459966,0.052701200710974616,0.32449826135973847,-0.03497009646620031,0.0099484965971032,0.49307579766590265,0.31715988404863904,3.4269059777751886e-06,0.09582893169379125
DHI,0.01859917793670837,0.12373327441896761,-0.092678161360758,0.789285991358728,0.009193415122033153,0.13701507131226476,0.1349955811021156,0.004200913955099277,0.04593886912045277
DHR,0.01675003114531038,0.05401189165809307,-0.06619243879352622,-0.48193658066181255,0.00028951261737984214,0.6837163523249494,0.6405316117313571,2.8256426387709317e-14,0.06784199449723927
DIOD,0.02059821412078079,0.13019972257266016,0.25737919909555723,-0.5638125285914319,0.00781653246144788,0.19056265406877332,0.28913825909292984,1.1242418726947386e-05,0.03957675245736863
DK,0.03135210321828346,0.14153156987166318,0.16575504161133775,0.5215101267308979,0.00818925563038415,0.11331064963210791,0.12079750523729028,0.0069929175426622315,0.040490093058890834
DNR,0.007179908597305414,0.11119983523574438,-0.23407243733037006,0.8754300444279579,0.010043529164626017,0.23652858887257724,0.32492672074220963,2.446441876532845e-06,0.045157403053936375
DOX,0.01377151892845832,0.059225556588363946,-0.8199305806824012,0.8938403703896296,0.003906105637063865,0.5689769746548986,0.533356440241419,5.229310412986836e-11,0.07049221064933733
DRQ,0.028243905250728268,0.10153183858145969,0.46964866727798904,1.081371721778087,0.0038443364980522508,0.2796159470590514,0.378563059308764,2.1551688611417297e-07,0.04745193482657628
DTE,0.014761923279033683,0.05366243211294059,-2.177101423272906,8.857325716252756,0.0048801334107906914,0.4648208280783873,0.2922279306251931,9.882451350615761e-06,0.09581510965640663
DVN,-0.000402631871127154,0.09329057402254484,-0.805797869704465,2.011903319233312,0.011889643483715998,0.36723538531938726,0.5512827862676509,1.6858892920065758e-11,0.0438840036765472
EBAY,0.021799546530597708,0.08695371267347313,0.46780857815469407,0.06606114859587864,0.004385266037442947,0.33746191764183,0.40442282481427405,6.225291584948183e-08,0.054242354894576954
EBIX,0.009745358537308383,0.15968649410630076,-1.8500484598151459,7.3842684865548325,0.010479433209662263,0.129533418281719,0.20096012093002036,0.00036997289482629806,0.034211623526226045
ECOL,0.014156930909059626,0.0902885144980851,-0.44323332559639167,0.24299401635702012,0.007530192700073412,0.29749316008967464,0.33886666129741766,1.3242112388670768e-06,0.05503888967477202
EEM,0.010584050185504972,0.07066331603908013,0.001903000552336922,0.3020814463824819,0.0060176525539175005,0.5408260693342648,0.6859826339585582,5.805130188603952e-16,0.04846636652476632
EGY,-0.0035017732221155917,0.11034070504361282,0.41109660673770426,1.2237375387184084,0.012371628715007748,0.17986484608688544,0.18500094572585293,0.000673747860614494,0.05000350423833169
EIG,0.012795774612757747,0.1069003127910219,-0.13586986476550866,3.161087355245188,0.008508270203778236,0.25270159153777305,0.3427549730157465,1.1134852422345422e-06,0.04634920841445423
EL,0.028140158515895682,0.08215819191160643,-0.4686308476550352,0.19117450076179487,0.00046500369102614805,0.40073616202213747,0.5091299826998809,2.2614744329311576e-10,0.052118273775724984
EME,0.009959150226617686,0.09537587231622623,-0.49908991150455523,0.5790776365257844,0.008020694745308036,0.3736350977142019,0.5964612511186431,7.891991330481033e-13,0.04070631054421968
EMN,0.031077578211994795,0.11677470348077765,0.6532791542365664,1.8047026787150946,0.0015374658537134663,0.32834981188234275,0.6905274515752253,3.8194202487370577e-16,0.029115210568393494
EOG,0.016490507268274394,0.09635430014025552,-0.6718202839184196,1.544675477908802,0.0066324581146652946,0.3098342953066785,0.41861138588360175,3.081687699863279e-08,0.048363731651919824
EPC,0.01248797894658244,0.08206039597518187,0.1765930513635329,-0.5065613268648193,0.0074891412034902415,0.34053881961855176,0.3667839537535846,3.7342718770024176e-07,0.059265232231005445
ETH,0.014549414830637057,0.147509494202449,-0.05721025769848384,-0.07082323343024832,0.008889841646276297,0.1960175856075704,0.39268099007831997,1.1008221915013687e-07,0.03228836892194346
ETN,0.022094782602343887,0.08781994716349922,-0.19943739289302592,0.18067527173986742,0.0021200439735368764,0.4354756058483766,0.6869480031822238,5.313874297042015e-16,0.038937916603304555
ETR,-0.001310434844727427,0.05251136387950239,0.02922066845032674,0.4546665753673764,0.012229196031200583,0.3719476933789989,0.1791761476107985,0.0008367904500725731,0.10544581033267592
EVRI,0.0250806792583506,0.1748998106562173,-0.4160005109851735,2.1783107074518924,0.009891221531621825,0.0737843366480109,0.0782198342548651,0.03192913757967638,0.033549185671252084
EW,0.014732737631362272,0.0855086710018415,-0.7376373633799288,1.6793926714398024,0.010043557322159172,0.1152688341918535,0.04563036819951692,0.10427026918697521,0.06982417164190738
EWBC,0.013897322782519587,0.15606423302743827,-0.39860048060344483,3.493204924014342,0.009337826638939834,0.1729798042443596,0.3423004150908293,1.1363318238428994e-06,0.031759089593990826
EXPD,0.005439226765123409,0.07919376946011304,0.2531716490519718,0.14477508993582333,0.009834254880922298,0.3506983648281804,0.36229252226761666,4.593520915703153e-07,0.06162790192173276
EXTR,0.018450690498896766,0.1298702753504853,-0.22082567887922194,0.4797266603983692,0.007755458504068669,0.21605285230655394,0.36978508434724394,3.2492118420447913e-07,0.03735874000978154
FCX,0.02076312810741727,0.12614100017052135,-0.5746453028334703,1.517395439720901,0.0074883559472467155,0.2048548197616992,0.31362795880198335,3.989933527357209e-06,0.04014035093224133
FDP,0.004529941626382695,0.07672032363682377,0.18192558166826026,3.3706714357471608,0.010936615395802528,0.17774344218673194,0.08734094444645374,0.023056424165827042,0.07610295151142311
FFIN,0.012246280351754145,0.0646980810413728,-0.3992456729749192,2.0231994825225588,0.005429576983830942,0.5154386187676697,0.5223319201184807,1.0273650367224051e-10,0.0652873969925833
FL,0.03131992543225886,0.08963795620091335,-0.029587067960044695,-0.45941392901247946,0.005257597012997672,0.2070306908746502,0.16175704807858396,0.0015902861020464353,0.062423864670154025
FLIR,-3.703586247208375e-05,0.08540427058983718,-0.39471030286976044,0.3966406588613842,0.011752367757628415,0.28580255841598773,0.2798345013350045,1.6527058141383763e-05,0.060728731663927144
FLO,0.016044602652343934,0.0703391377760556,-0.05095786036272403,0.41991118026982654,0.009044196049214054,0.16813048117290771,0.06568963533895321,0.0500636572487488,0.08398586236302993
FORM,-0.016795351276531898,0.14062091627695175,-0.35170389834890015,-0.017918677015553275,0.014215664345068475,0.14729561120549306,0.2015066203202684,0.0003624004299023704,0.038836794708452506
FSLR,-0.014163115061599405,0.1989621172313928,0.017696122003492805,-0.1592718149394603,0.01323672259099788,0.10555162272672448,0.2071478713616477,0.0002925572835058857,0.027351638472523702
FUL,0.02067454024062269,0.09514041849414927,0.09935556766339557,0.6585704221059396,0.0043335550495359225,0.3583261188700418,0.5458796501309761,2.382283276126548e-11,0.043289051226793704
FULT,0.007179363016158453,0.09021130724445159,-0.1888905316258963,2.1987626331884194,0.009360895927935278,0.3316292657282906,0.4203756089937741,2.8204974171806063e-08,0.051578652632392356
GATX,0.011073317155309017,0.10283081521640788,0.24222849974409327,3.089469382403009,0.008306420748770506,0.3102378462052075,0.478019891995471,1.342161722179477e-09,0.04293993083897011
GBCI,0.010649031057562148,0.08865720132943934,-0.3859451665871397,0.05855001213565725,0.008383883236790405,0.31532442326814475,0.36707356858189644,3.6845644022139134e-07,0.05484287853638513
GE,0.011812683045008534,0.10374176091927464,-0.8507757509805903,1.8787876649515889,0.007275908864808942,0.37805754472171926,0.722491776677907,1.672087562147045e-17,0.031034300139264205
GEF,0.011277358448372023,0.08597330118558849,-0.06378562744666086,3.01941536005383,0.00787755087588941,0.34265399607380337,0.40761360059710505,5.3222044445102816e-08,0.054713762312378185
GEO,0.014566984278009443,0.09276478854891539,0.24517558130308148,2.1995838308329354,0.007929606265554364,0.2616997777351426,0.27681070661180734,1.8714376068964307e-05,0.056027401136173126
GES,0.01556649100807695,0.112274428699685,0.11902277627379168,-0.6743406432800421,0.007750407918768084,0.25640813286319125,0.38925585933361806,1.2974234962810155e-07,0.04254087747142019
GHC,0.011834364041128195,0.07812348622001386,0.2592357793293869,0.33353712263800617,0.007796149599298035,0.33340475249623724,0.3186520091968954,3.21292041766497e-06,0.06457442051205577
GIS,0.01197534440716823,0.040047067662992854,-0.2909552933106785,0.4084408515220117,0.008831944182558383,0.24298579914583407,0.044474706133340085,0.10886641070169427,0.14917911119124833
GLT,0.02099376973196437,0.10066553547310257,-0.13635600262742986,3.3342756474400073,0.0050158524228685695,0.32037744894722353,0.4885346278073463,7.438937668588067e-10,0.04341951348528587
GLUU,0.033877519561249764,0.21409506504007875,-0.16654965598262672,0.019703588626898583,0.00899994126423401,0.08093395220950447,0.14102128549511742,0.0033802740601574016,0.026457096856856894
GLW,0.011345473014294203,0.09219552814598539,0.030034760734321805,-0.6157214847592272,0.008259381569141005,0.3069419177016468,0.3761334658996374,2.41582151725298e-07,0.052359275815871006
GME,0.014624008565048308,0.10986859905295226,0.0723493040218816,-0.7566076561979624,0.010403107641479292,0.09153955059223107,0.04750885721605596,0.09723533281824247,0.054289335891007026
GNTX,0.022770478861595403,0.10606809410357058,0.6482717056133193,1.3959326278191515,0.006894889848413576,0.21285863131942848,0.23942082312429244,8.398661934296911e-05,0.05025104449813799
GOOGL,0.0209605858978314,0.07615190067811754,-0.13467435399787625,-0.4976184445290226,0.005212006516907724,0.3115264205066235,0.26433892725452823,3.110133583169359e-05,0.06883602499623102
GORO,0.008277403196266657,0.15877465624676973,-0.24642886247442053,-0.3650334145134906,0.011277520902538621,0.05608786956898813,0.037248613273428384,0.1430455013027877,0.0377688305848735
GPK,0.03498256705120442,0.12867178542703184,1.9119656691008002,9.5909810386115,0.0026967574504510074,0.25855807979129797,0.5198675866807955,1.1922885301233488e-10,0.032912042006361594
GPRE,0.03800463145470727,0.21368708063869232,0.8029302205762987,2.0338479781723864,0.00846746770617069,0.08615568634344703,0.15919678143526925,0.0017464460615881805,0.026225668050135077
GPS,0.02066881361581018,0.09830949888778578,-0.05569303720909631,-0.7108373994677288,0.005876664356509344,0.28376657537736016,0.3655302311879845,3.957043872010288e-07,0.04951851672837061
GRMN,0.018964009139230187,0.09173925976600347,-0.2144208035906036,-0.032500207128217884,0.006955074291489335,0.2524101568791864,0.25184537228725645,5.135638531756879e-05,0.057623295842313585
GS,0.012773473279600012,0.09397949984139108,-0.1870510006903789,-0.43774217323844056,0.007783436533634344,0.30988801503723495,0.39836913032721394,8.362974036493833e-08,0.05044168311309758
HAE,0.006826229065712701,0.0528497580723638,-0.41762190085946466,-0.6690996351751721,0.00908154700174786,0.3897079611633493,0.19923903124488307,0.00039484327708638436,0.10348230350419645
HAL,0.019074541606248812,0.10454616567805855,-0.7504983107747883,2.6064537880176353,0.006502685479411019,0.2746643899559508,0.38728510227139445,1.425520385627079e-07,0.045759234821130264
HAS,0.012998314172030777,0.07009674945969992,-0.5213110713468024,0.5399631967649539,0.006713377954203751,0.386850540202891,0.34537590205725405,9.90183801695853e-07,0.07054329771381995
HBAN,0.004757728062877323,0.19471968905439502,-2.4054850364301155,11.521633942195615,0.01100933916211877,0.15394819577372468,0.42206447578819706,2.5906059824696443e-08,0.0238609357163991
HD,0.02373312021557605,0.06390903077210949,-0.5186008688339366,0.8638603338587676,0.0007552289335038681,0.46292075294281815,0.41110013794196165,4.480395998817592e-08,0.07338649366698378
HE,0.006688863117454683,0.07801163121257793,-3.2347720150019597,17.46900874898923,0.009961182590591948,0.2662037167635112,0.20256145421107916,0.00034820947787118933,0.06995953208151662
HGGGQ,0.009158298703624362,0.1599788462745705,-0.3824478692438405,0.44159534054958094,0.011194740290923435,0.05973189346191849,0.04288916024257894,0.11552864157757746,0.03737456958607599
HLIT,0.005367280690881502,0.12107146914990279,0.014913553672832687,-0.11089943788810208,0.010590279429776068,0.21454130125167054,0.3168949395759866,3.4663191521279996e-06,0.041721468079867
HMN,0.02279509683734535,0.08419158571764888,-0.4256942483075348,-0.4200945404174754,0.003027087798157623,0.3823056807964855,0.486596230135168,8.301165783014115e-10,0.05201378764181267
HNGR,0.016688348553909136,0.09709566986017615,-0.05238934568619769,0.9916844802495048,0.008630033577927987,0.18646238274570656,0.15395437757556482,0.002114582685079765,0.05789681485372322
HNI,0.018555897196529343,0.11734842332696377,0.20070621364631774,1.0934027634696513,0.0070475622607538875,0.2529772881854972,0.41393051305996714,3.8931842127722434e-08,0.03987079905851614
HOLX,0.009123642357009286,0.08626114356627806,-0.06183688789106728,-0.6788005150606198,0.008764531105045874,0.3263227110220502,0.37216444637857,2.9085650459512405e-07,0.0561390920582337
HON,0.01914200299317173,0.06667776112338267,-0.7566749507919674,1.245004425542759,0.0001688202822453435,0.6045847205887322,0.7632840911276149,1.7538092785941739e-19,0.04459543014618504
HOPE,0.009399144670201252,0.17811250742245716,-1.7008371704378893,6.543910130060166,0.01005675541156853,0.1792745468802473,0.47889021193620157,1.278736446944288e-09,0.024770104608537156
HSIC,0.019215156595225914,0.04966517477433107,-0.19108370462051905,-0.7568517255929761,0.0013467805541086068,0.540979315352279,0.3390588733120065,1.3129428618188527e-06,0.10004308213668184
HSY,0.01949341831543992,0.045250135633144666,0.02984331369323025,-0.26745499982494847,0.007175106820252722,0.23426758299804995,0.05278056351922724,0.08004802332058457,0.13145074691039038
HTLD,0.005414935204521184,0.06960181619988129,0.6285557807664067,1.5785560735275368,0.009594283946974235,0.39658810037347586,0.3578741760680801,5.624067049868891e-07,0.07036345216754766
HUBB,0.022625046976036466,0.07547735334817673,0.038213351834572175,0.901693967047486,0.0007761905208985564,0.4846660563443915,0.6285334483480631,7.267673041561928e-14,0.04935155452389648
HUN,0.03559614570672617,0.15827598464091686,0.21809579437032808,1.5073047466840057,0.004421874809847553,0.2056376570610015,0.4975597036939309,4.440514398394819e-10,0.027370633571277496
HURN,0.0006303464899331011,0.14964038412201364,-3.12478495592148,16.623924256888635,0.01168818320261074,0.08503198102316452,0.07604524814281735,0.03451228558426992,0.03925854324061306
HVT,0.019568609476895028,0.10425416885945922,-0.6526044132659952,0.12330266352861674,0.007564602974226818,0.21346329406215583,0.23261790122193254,0.000109638135059996,0.05135349955926693
HWC,-0.0018286256967529927,0.37362008157903176,-0.6976333691222828,14.443110651618728,0.011786827819353994,0.02463325657800147,0.039784503376166125,0.1298815504212641,0.016029197770814615
IART,0.004523286513661249,0.0788993301681475,-0.47645367736599736,0.48527944113492794,0.010197827367648713,0.3413348769902101,0.3406573963627133,1.2227605768576627e-06,0.06289844316594302
IBM,0.014313625836739008,0.044699841147969356,-0.09207008756353086,-0.2635176132319521,0.004179497393250045,0.5283277281651774,0.26195616668368576,3.42421466300831e-05,0.11746074231385781
ICE,0.016111558316093802,0.09535279278599454,-0.8113588753250904,4.03153972127866,0.007628261091071876,0.2553149510187284,0.27837433242998766,1.7550380125472104e-05,0.05444778432662814
ICUI,0.01159670763542826,0.06234935618185416,0.41933175950545754,0.1280736179723445,0.008686796943673178,0.2634356203285238,0.12671347468873292,0.005657321985225741,0.09160180873670627
IDA,0.012348347613553383,0.04862230429783349,-0.9583606330945861,3.190313735571616,0.005041515402230506,0.5426043727337349,0.3269245322680258,2.2420195205291148e-06,0.10312263147888089
IDCC,0.004631786651028984,0.14095776007501937,0.23379439929423415,2.6821945753832903,0.011359588782433525,0.0825154653576973,0.06354165828812673,0.05410154161294958,0.041957816993814824
IFF,0.02039988961690608,0.05346674716884814,-0.41265259169400503,0.20785599845885105,-0.0008789898923578007,0.6186686762892721,0.5139177767290466,1.7028115149399464e-10,0.07969457319710414
ILMN,0.02245677525012177,0.1261904399958467,0.42062510611419995,3.8541881834717797,0.010627221025791325,0.04963142638137157,0.018423675735555898,0.3053455586297056,0.047983643922961755
INFN,0.0006312574478900851,0.15282434831407093,-0.25676787654184957,-0.01840619635087215,0.01167071254851646,0.11258522984851393,0.13904577627324402,0.003630214190972203,0.03710693819765128
INFY,0.022501751704104834,0.1026653694616632,-0.3664597407973141,-0.19397082171379854,0.006437595988737569,0.2357232847643402,0.27508238164613524,2.0088200283663198e-05,0.05068483021589382
INGR,0.016301543393145417,0.07632131358361649,-0.5847189742257929,1.2087164358697864,0.0041410761556587876,0.4662568736232644,0.5947740692266351,8.90041122067051e-13,0.050975373982763195
INT,0.012911192664827788,0.0780263134301938,0.015953759925426813,0.1599628434363609,0.006802213346568204,0.38258041646832097,0.4185405161164717,3.092654353441345e-08,0.059727767802803734
IO,0.002001812437711217,0.2337150114278629,-0.5104260403281811,1.6929192011151475,0.011442908380182831,0.14930191638715087,0.571891759270589,4.338772334068792e-12,0.017109914090840807
IPAR,0.027810893332428973,0.11612565739968282,0.18036189727951563,0.15800374281766727,0.004658656310391672,0.25468892416806255,0.4108528911743749,4.535580125567302e-08,0.040396276182347944
IPGP,0.028901047243503248,0.15965251940161196,0.37855960640149544,0.7844907407271582,0.007808359717117881,0.13609967359044667,0.2217561016560547,0.00016713777733546074,0.03377067402884408
IPI,-0.004443506388055816,0.1403545148670377,-0.1642780661172392,0.38040245549887963,0.012312916624009075,0.1285322357504733,0.1528575016645602,0.00220073661947053,0.04007831831364285
IRDM,-0.006453770847552514,0.10445848605991931,-0.42752320586685183,-0.28713509724376696,0.0122554236994502,0.07958771673218598,0.03246305622582731,0.17208186785446672,0.05755031355043737
ISRG,0.018438499959664338,0.11327815980203895,0.5816765069414618,2.3925822536685315,0.007829906816470385,0.2121580391825746,0.2712821475767511,2.3462066299168216e-05,0.04605652449183529
ITGR,0.007269027325435214,0.07524079563677646,-0.34066139293852515,-0.5064263497574459,0.008937347189798855,0.3858061743376356,0.395781021034514,9.479800191439362e-08,0.06313954456113202
ITT,0.020018210820432175,0.08379345634384953,-0.04403872306660608,0.9259655153668693,0.005268230862136104,0.32338314394397455,0.3448774715097149,1.0125654433613876e-06,0.059034896390100046
IWM,0.015473151892944835,0.059042801446235214,-0.39237470852203626,0.13003763609066477,0.0003515894120179313,0.7361262579317347,0.8872548633775378,1.0762940813628339e-28,0.03475678488304097
JACK,0.012922743986770936,0.07232627648447688,-0.38180908972833777,0.17496896636748493,0.008043919285463642,0.28615157366752964,0.2011844222384851,0.00036684641366137945,0.0755239678083421
JAKK,-0.01881543609153253,0.13903275631022421,-1.3641834267289523,5.443866172193205,0.01306526939498991,0.07034046806944666,0.04492153952035347,0.10706414968477397,0.04295958087317596
JAZZ,0.06955881269266423,0.2556413944754867,1.506366139401102,9.14303137425049,0.008198961974357584,0.050932738813076354,0.0796280855830962,0.03036168976326625,0.022935496382998993
JBL,0.020233342182831286,0.14267199340116818,0.1447110964452886,0.8390044703073305,0.0071132377290857125,0.22875830609055403,0.500312162812322,3.7872045187946426e-10,0.030280866810184857
JBLU,0.00381071724629806,0.12297265608833254,-0.3543276161063041,0.8902410607722615,0.010988060680811406,0.19779009668102554,0.2778664105127712,1.792055946574352e-05,0.04223357668975013
JBT,0.023214646391112113,0.08856370176068681,0.22426755385225958,0.7077916412952288,0.00531461713925375,0.27685821984295594,0.28238148918236816,1.4879024248129445e-05,0.05845863878276348
JCP,-0.009521848140586986,0.1533989857747832,0.3057269893041696,0.29984105527469307,0.013145906801782023,0.14746338816475946,0.24033844734705956,8.100880369641478e-05,0.034725237772762485
JEF,0.007415543626378861,0.10768348556698878,0.07153137247291484,1.1603498772748022,0.009342680957840396,0.3235233957772396,0.5700585351205777,4.908103386450799e-12,0.03721458705102762
JKHY,0.01938297085771651,0.04808617463073666,-0.42120339955676356,0.42293917508161716,-0.0016801309139868239,0.6924590572772908,0.5207610779930918,1.1297341054623841e-10,0.0879859758108932
JLL,0.021686977465538392,0.11192922269742372,0.05748443340414911,0.49319672741985165,0.004616943554966268,0.3285307632073755,0.6351099535995787,4.346669453406249e-14,0.03298338039711787
JNJ,0.01053413536163567,0.04525567583420918,-0.5655032395835173,1.375650447834838,0.004834181677080767,0.6557349890772068,0.41363062237577164,3.951687484352553e-08,0.10341183127528836
JNPR,0.002480845789953845,0.12543517088614783,0.3662355165597965,0.732420764222447,0.011126915459908602,0.24784585803843442,0.4539539934304292,4.9678513275702755e-09,0.03600418087302167
JWN,0.027947466450772916,0.09713341345585023,0.38444457406312704,1.374113899888603,0.003778620542707207,0.28493324375932166,0.35977700722438033,5.155393297469007e-07,0.0503448006587565
KALU,0.020466841117087402,0.07755711768033682,0.0439741235884745,0.5608965133703885,0.005581689911945984,0.30097917241815175,0.2559328702058074,4.361864558051925e-05,0.06797387710431103
KEY,0.008013870719271033,0.09805038543416437,-0.3420874921626987,0.38824231164140777,0.009997443150704123,0.21766506146424328,0.21393700737927082,0.00022576045028050928,0.055263325205015666
KFY,0.011984075701845929,0.11582622507134725,-0.007702053163617043,0.8570836002379898,0.00850485595380244,0.2701023374777014,0.4597061865377074,3.6520907934805088e-09,0.03878517344966408
KMPR,0.01777327103234564,0.10091562657158563,0.5626407151226989,2.0962038036496526,0.006462780601356313,0.29701917010195605,0.4219836857443069,2.6011778146486365e-08,0.04604359975989037
KNL,0.013598473146172777,0.09757967804302638,-0.006049660672773942,0.44478611164445514,0.008287266024727109,0.25403710780764377,0.28861768541786964,1.1488761125430483e-05,0.05282625143928886
KNX,0.0028949306410038654,0.07010249383471606,0.10730724253506235,0.037805705347486285,0.010603528269063993,0.39318888272986396,0.3568447024819514,5.894565807137963e-07,0.06991688977570487
KR,0.010744412684287668,0.059723531121272676,-0.2570735286192117,0.04220277941856798,0.007514557410132961,0.39343475790254845,0.25932612030946706,3.806679038145921e-05,0.08806953034225859
KSS,0.008330525874552762,0.07000606598549788,-0.15153793870651075,0.2166240532473762,0.00932235541281571,0.2904291322058863,0.19416080271995792,0.0004781173584343762,0.07836933545166536
LCII,0.02782509726120157,0.1419717777931144,0.6344528193596112,2.7270441154060014,0.005148167172377301,0.2369664903273268,0.5316034275661008,5.828100951016128e-11,0.029462017047328322
LDOS,0.0018834869423882939,0.06982223755158558,-0.08308894774016308,2.0292871973416515,0.011226490949948563,0.2735839850202458,0.17138733485368426,0.0011162769508133432,0.07967822747997293
LEN,0.024791676243179753,0.1067470083495915,0.08714004140950057,-0.3690538935330623,0.004555284871406724,0.2898754352663446,0.4497219767846572,6.217584753261615e-09,0.042471051625325724
LFUS,0.028729142417714796,0.10897566657328732,0.1765031565839971,1.7191157146394662,0.0030778781105569187,0.3015719918420379,0.5072837325223047,2.521145620801609e-10,0.03936647780510529
LGND,0.020676332193078267,0.13688350575541794,-0.13789187295840286,-0.38332885677065187,0.00946148073338654,0.11028561829537534,0.10704092713066048,0.011428727971949654,0.042191241078651465
LII,0.01726141173910495,0.07800742120230261,-0.3263963550188429,0.8592419112222331,0.004679434074891104,0.409140853901898,0.47843990452145935,1.3111823012346344e-09,0.0565814274766853
LLY,0.007765517517135683,0.05549148632022405,-0.9538414838580442,4.0406804828130785,0.008060232661984345,0.47408947868220747,0.32507472794789927,2.430697512992951e-06,0.09048136228244645
LMNX,-0.001483430933637699,0.09957779509888527,-0.8229555377069585,1.2914596964151581,0.01193043735032249,0.12717446607313043,0.07532423259168082,0.03541479053753384,0.05901873212096107
LMT,0.012040855964269254,0.06528858196585126,-1.2502322833009818,3.92285061348492,0.006266864789313831,0.45469508482731746,0.4139280425476788,3.893662724359885e-08,0.07166314731992082
LNC,0.017817474548100593,0.16299403324145495,0.006653140664602631,3.6618060180803527,0.008096189473825548,0.20460774784403077,0.5223930871565479,1.0235659357863234e-10,0.025913211435190656
LNDC,0.00981300103662753,0.10129092795749542,0.5429952992222004,-0.3041315536876321,0.009432317148516164,0.23534754110841205,0.26691334535068845,2.8022475262932352e-05,0.05166123092758971
LNT,0.013425208195675335,0.05121503475048339,-1.517646318909068,4.346546469935264,0.006324261125652753,0.4035335324984491,0.2006153040332455,0.00037482996990873647,0.10669353044264805
LOW,0.015004204566975933,0.08470852349136417,-0.44892387785322924,-0.45748497701380675,0.0062909672831850455,0.36328587136121043,0.4447962304338173,8.056561663190003e-09,0.05375968732726122
LRN,0.0019530793044990895,0.16372079846063023,-0.652723906653713,0.5011939794867759,0.011581977226073806,0.08182237502533468,0.08428721987871862,0.025708991014022933,0.03572180757106069
LSCC,0.022123482037789882,0.13547043684224658,0.16984071495181866,-0.2632066370074102,0.006981199918512529,0.21518235179871353,0.3991280225604783,8.060395014717436e-08,0.03497068078662218
LUV,0.01330565584298955,0.09233573628244152,-0.1316798326412257,-0.42441714731979685,0.007463657723349982,0.3215268108925887,0.41398430599216646,3.8827791973303555e-08,0.050669013611279526
LYV,0.019716267363674364,0.14583056732598013,-0.07888719614742094,0.7618169652152225,0.008503920071109663,0.16422290703140846,0.2693856518338719,2.5345532791833834e-05,0.03582227602960487
MANT,-0.009381307121652317,0.09179850051643322,-0.9000273251373903,2.905341202658305,0.013404854439531908,0.17727504329463234,0.12438735506241932,0.00614935539522265,0.062298568570315745
MAS,0.014465183049646632,0.14215530646724264,-0.30074037205872667,1.0207211047395939,0.007989595786332834,0.25939436882131806,0.6386414435316653,3.2857847762666445e-14,0.0258442383871624
MAT,0.021807750983148803,0.06183689182256216,0.36891853084899695,3.71347373227065,0.0017289397609970194,0.4591414795648031,0.37861535340583574,2.1498694423823077e-07,0.07790947002420807
MCHP,0.017151811363904073,0.06735602087897986,-0.006104656496349468,-0.160218183318805,0.003945601998249524,0.4545397946445623,0.4402572606633433,1.020938333278814e-08,0.06788525512364864
MCK,0.025413752171161177,0.0649653772903091,-0.056273964878837394,0.22964456776085962,0.004736423663005789,0.27565229656738566,0.15062498567682714,0.0023868719261881605,0.08670126193344437
MDC,0.0029850118452191166,0.11052214996433701,0.09839122341873571,-0.40638429077426297,0.010976716051707996,0.2563027556818938,0.3768903855521484,2.3315078344102007e-07,0.04365063285476746
MDT,0.01221700547161261,0.060696130049120986,-0.15395059683422987,0.5707525519881878,0.005641466363639635,0.4993299269543416,0.4314267341872651,1.6100172973455083e-08,0.07592588434593463
MDU,0.008048583933589279,0.06348544556962962,-1.5862117918683956,4.881149018535012,0.00723960126509353,0.5593756100993366,0.5923320813410404,1.0583281316566044e-12,0.06146625296616386
MGEE,0.011930325746377307,0.041784068756053123,-0.5332399304680399,0.2557818057059653,0.005183966114810122,0.5496762484093896,0.24776802342584972,6.039742439537916e-05,0.12685944612580471
MGLN,0.007567650647771037,0.06259711889926056,-0.5403549869042097,1.305878345144838,0.009691866610380066,0.270878810136996,0.13504192315726382,0.004193909003719907,0.09080313174955189
MHK,0.02002174701470262,0.13826526839202286,0.27541823339534355,1.7312055254535226,0.006935222455910054,0.24006698086541015,0.517488760777277,1.3755908091038332e-10,0.030704233412032426
MHLD,0.02695486247557336,0.08938107141477528,1.4348642699447578,3.820775802513122,0.009814017661753233,0.07151827071551442,0.019192651640641763,0.2953694302237775,0.067717971794456
MHO,0.012449157892311782,0.18113625844279793,0.9972494282361336,3.9847004713353664,0.009821524527266506,0.1542480465526216,0.36665700718631056,3.756264215912888e-07,0.02685169683647144
MMM,0.016438477448240837,0.06176139686309191,-0.5695392987327745,0.9808474494176003,0.0011864417490416446,0.6421118438477211,0.7386954763860768,2.978415794876624e-18,0.05058409647526328
MOH,0.01782244451954172,0.10942743527074922,0.01655475058309428,0.9889829399734169,0.008337111659956365,0.19103278170911273,0.20524760529204267,0.00031447483738730845,0.04979059831560254
MOS,0.00656801409212221,0.12167189038139142,-0.3057604637575326,0.8801495850150682,0.01089314188782589,0.1292081462755593,0.11608341107910879,0.008276771996193187,0.04722511559460651
MRVL,0.013413978758864485,0.1084691885435024,0.12112835174537095,-0.21193452116179357,0.009557139363911431,0.1628631958303663,0.1465779171334826,0.002764530297013477,0.052051492872838626
MSFT,0.013454697101577932,0.0691675320996377,-0.3041135647597751,-0.2492185407365577,0.005811405737291985,0.4407663012639108,0.43654717829020784,1.2373058790278462e-08,0.06632605117987937
MTB,0.014825891413104435,0.08233816430352048,-1.713547094434214,8.66126367047584,0.0069914591994885,0.3204072848998135,0.32690155222557693,2.2442739405600465e-06,0.060896980204586934
MTH,0.021620753529906805,0.12539617217561821,1.3498616582214265,6.194299359080333,0.0070307374482813465,0.217894596438689,0.3506479773290937,7.809444549555975e-07,0.03927475298672949
MTSC,0.01823731093265614,0.08975839183453353,-0.07289948966618179,-0.36710358948234356,0.006279670881870558,0.29950204565134725,0.33943730474943895,1.2910283036401454e-06,0.05534005696509378
MTZ,0.017041672389501186,0.11047349595064442,-0.2734620315934305,0.36708055539974804,0.00835815271957532,0.1985503544763585,0.22597863813602778,0.00014194910171106022,0.04867164433181082
MU,0.03522871358761893,0.14689023979032298,-0.060648990816100055,-0.555803208405337,0.00677768572318277,0.1409105409952467,0.2012253551620795,0.0003662786471346298,0.03718577511716604
MUR,0.01074476006215349,0.08600707591120776,-0.12280697884242683,0.20815960582136261,0.007969981541783664,0.3510363423453808,0.42813662901955457,1.9045424173746736e-08,0.05373652771547139
MYE,0.017957546540647466,0.14963372569099492,0.34692418776425016,2.926714556206477,0.007893204602070622,0.21431536889511899,0.48303151799322264,1.0145549462675221e-09,0.029367040802410354
MYGN,-0.00016626136550313618,0.10701630401245588,-0.2626415833872726,-0.4469526399156636,0.011757674261575627,0.09558112401389754,0.049142135028744406,0.0915280440345683,0.055688496998204225
MYL,0.02534941808709314,0.0715167902389959,-0.5944976718570245,0.6533833338619051,0.005094339017510144,0.262232599305907,0.16519589345442307,0.0014018998967420505,0.07808037972891285
NBIX,0.019004580789406998,0.13249682331955473,0.13028105331719156,0.3006491965802094,0.011320801548252657,0.02215156807682624,0.004046035973499569,0.6322109974447869,0.04603326818564392
NEM,-0.006780260752041743,0.09311217418690491,-0.02799185855457736,-0.12835830841046603,0.011846830985043754,0.015493234774395737,0.0009774780135444205,0.8141563585178229,0.06560528324511339
NJR,0.008715677763148064,0.05144652778085187,-0.2795215807902073,0.1000178071903508,0.008412424848983496,0.3819964499461606,0.18140140634198834,0.0007703964078244825,0.10748232969926415
NKE,0.024199897842028115,0.07262783429047653,-0.5791694379432751,0.5672691149909181,0.0025034918860318053,0.38174917049875917,0.3610540746489887,4.862301646602396e-07,0.06726460580292454
NNI,0.020418190232573526,0.1884918772449734,-2.176299295617675,14.137961316898647,0.009651260302965472,0.10238529892234174,0.1749324356583548,0.0009792734097980925,0.029451658786684695
NOC,0.02005313415876312,0.07219696612488755,-1.0840103041601863,2.2490796033318077,0.0027592491294669164,0.4479366473488889,0.49122554661958856,6.384143298702891e-10,0.06038114485329511
NOG,0.03074487133795954,0.14236989405712588,0.6530173638895169,0.23650051731084076,0.006520416019707605,0.16982887117262124,0.27458020694692636,2.0505401449260656e-05,0.036562356729858476
NR,0.02002646429745205,0.15000759249013534,0.04426196327593074,1.3293031381784868,0.009583310162144719,0.10778101511961112,0.12277809189616715,0.00651427753934621,0.03815918905209756
NRG,0.0025624204706000083,0.08230726157266972,-0.08562207174301405,0.461939974300245,0.01118225978943537,0.2183572252739478,0.15171247647058222,0.0022943484390016717,0.06838975219361043
NTAP,0.01848060535435558,0.10270364941754839,-0.6032918280220995,0.32704449251166556,0.006481408790231686,0.2846429498538737,0.40140471838950637,7.214862109568318e-08,0.04604032828901851
NTCT,0.021378710212446042,0.14825215942120587,-0.6857021463009083,6.087522879611676,0.010360509738478994,0.06460974779000564,0.043093126657203176,0.11464758828611074,0.04032658556424638
NTGR,0.01753690496484788,0.12743251196157732,0.196871953440677,0.17110487889156678,0.007808520214148542,0.22428487849573783,0.3836810364155084,1.692142240987596e-07,0.037651316338422974
NTRS,0.004101411090327846,0.061699148365393856,-0.30833019766477193,0.11576598531356597,0.010065747263910647,0.4086485145131187,0.2985850414009055,7.56782535752774e-06,0.0829594731309012
NTUS,0.009757660512308513,0.12686643851009868,-1.0646838464865784,3.8640091091482054,0.009940808249579684,0.184570324160108,0.2575295712279933,4.091464315786047e-05,0.04150978417662967
NUE,0.004595904789349166,0.07670773797177369,-0.2841301616764185,0.03566823056017254,0.009499792298709361,0.48782353365263714,0.6576785930357318,6.9296045601093854e-15,0.04661605270613473
NUVA,-0.0006990339418909517,0.15380559560211313,-0.36277166078522516,0.6415199060177388,0.011818346381733591,0.10952768351380622,0.13329134034812462,0.004466691380132984,0.03699321487044442
NWBI,0.011083119449274023,0.059458037882424486,-0.9345809143121996,2.3702164045933474,0.005647994038232938,0.5498261390250535,0.5019746323939229,3.4387067433734063e-10,0.07253920672847922
NYT,0.01097424961537325,0.1409873003696422,-0.10139775573838058,1.0986938327955755,0.009623017169724891,0.19306701760162182,0.34800543261933226,8.798145172313243e-07,0.03500254613946752
OFG,0.01948064590786162,0.23345021724023174,0.051370637146107505,12.165183105528621,0.009348781696723565,0.12283992676502917,0.38625802981019913,1.4970471719281986e-07,0.020509556634574627
OLN,0.008772157394447021,0.10645050976119133,0.005409198049887639,1.1231915519710425,0.00907599887412984,0.3038914852278431,0.49152137940780294,6.277419614847614e-10,0.04093984990807804
OMI,0.009664207613141159,0.0632707511545693,0.14813642138222674,1.4615774685624467,0.00845103431099976,0.34050887916628664,0.21800814602752594,0.00019310333187178434,0.08541925257475186
ONB,-0.00021811793660549632,0.10071549855036804,-0.5709203893275673,1.3216820762798225,0.011808002502338282,0.30359579770507916,0.4391308859066065,1.0824276666877695e-08,0.045445626887469504
ORCL,0.012409549359092505,0.0751529399904481,-0.1041762223115341,0.32194789431371307,0.006459087873090012,0.42569595296545526,0.4807295859081188,1.1540821274228549e-09,0.058601462880056666
OSK,0.02901825322743293,0.15527361817858615,0.9412906529395616,2.822021087462544,0.005647695283945511,0.21000876523036488,0.4994362343189629,3.984311843100957e-10,0.02784772197954614
OTTR,0.008274079318902014,0.08137228718457458,-0.0930497322552303,0.4700788888959062,0.008924750574204394,0.3404647369938655,0.36050158577389024,4.987063622884075e-07,0.06006214743652264
PACW,0.008821986187473454,0.11934014112914776,-1.0382152467607402,2.8939688939717474,0.009098965313443305,0.299571711378334,0.600322406774174,5.982196835737739e-13,0.032376209124247185
PBCT,0.0010892333075988463,0.05266054912480442,-0.10091443493454327,-0.02060239044391876,0.011392266253437113,0.3208830996126326,0.1341140611096547,0.004336380137421456,0.10799473996664889
PBH,0.02044162662204418,0.12870584733202825,-1.0921733189152159,3.47978051936654,0.006534883334585759,0.25472040826633086,0.5048169155596608,2.913427743544172e-10,0.03341506153050468
PCAR,0.013740500958160772,0.09487871549469742,0.57564226973559,1.2233978862188533,0.007386191056864223,0.31698929826351424,0.4248510071614557,2.2503681660696484e-08,0.048851626539062165
PCG,0.004258479447204637,0.042272334572006215,-0.30073930286734885,0.061175105709384336,0.010484280061790648,0.29529384071949843,0.07318652081661461,0.038234150887337316,0.13918664941826323
PDCO,0.014444036351907495,0.0506815160709208,0.42681732684311235,-0.24076681760232876,0.003602322094574022,0.5635170474859559,0.3831097207618839,1.738614505972213e-07,0.09471352681833387
PDLI,0.02649723439987079,0.10717433113292543,0.156125453559949,1.7079988375638342,0.010738658361419639,0.03785770382006372,0.007732144478669112,0.507806905875513,0.056804314397465396
PEG,0.005673985612624693,0.0468244005897096,-0.6595773199887273,0.7369295562872771,0.009701017324430584,0.359670543472905,0.13321835109379854,0.0044784369595794364,0.12151790411357671
PETS,0.000958219624028214,0.10976536659973109,0.14076032904996927,-0.37255414882262805,0.011539962774258283,0.21061981414453296,0.25103771503025646,5.3035869483911204e-05,0.04818615631164961
PFE,0.013239014665414795,0.061315144111205,-1.0075765972723523,1.7723436397790824,0.004900910034920367,0.5167206889143552,0.47147325981245525,1.926963257743491e-09,0.07246417831375633
PFS,0.007126544498149179,0.09033149337553094,-0.47446901104715544,2.9667080495235467,0.009248966822146331,0.3497930858190562,0.4689328747130655,2.214720089153764e-09,0.049305249618986635
PGNX,-0.011863727491856825,0.20472325126162316,0.23298370665314017,2.1684512982908473,0.012466365039071942,0.061075427279372256,0.07343062530297272,0.03790098604461267,0.028736207018204167
PKG,0.02857741341254005,0.08230310202725852,-0.6539297953133386,2.962324027539796,-8.902892008126086e-05,0.4139916920637238,0.5452874703046355,2.4736893032432272e-11,0.05007372494935521
PLXS,0.014708797111386031,0.13073876959915742,0.5596946786010258,1.330470464136691,0.008403679711336227,0.22694602942483372,0.4134888690897411,3.979636169262516e-08,0.03580068849818776
POR,0.011087976378654772,0.045124878086320944,-1.3610665959821322,3.0080787377970433,0.005458083725377505,0.5667128855090151,0.3071624454001529,5.2615532722091134e-06,0.11273462160140749
PPC,0.05522197375360696,0.20977336290345,0.8665458233301968,3.2169977213844048,0.008179590461196967,0.06450679159129313,0.0860045490025695,0.0241815618004119,0.027853470773182416
PPG,0.029560076470202992,0.0778715042066528,0.07557087422899941,0.7400559926583705,-0.002827334975240514,0.49286468535719646,0.6918666370051963,3.372248237985435e-16,0.043566075628589634
PPL,0.00452005334615017,0.04826783590939169,-0.6677897262884793,0.9599302668377296,0.01041396336803881,0.29376189696364435,0.09443140288847099,0.017909384084258736,0.1204926323218742
PRA,0.011042907249797408,0.04799282570953424,-0.8379334689503648,0.8871927732570288,0.00664811444205495,0.4612615370304092,0.23017438107963312,0.00012059667172622225,0.11173198178387078
PRAA,0.02786923209428652,0.10438401498261397,-0.26567718566683013,2.383742617317635,0.00484860832618768,0.247339950518631,0.3130879783358732,4.083559191046589e-06,0.04852596762199464
PRGO,0.027040903911723053,0.08652357545098739,-1.5257830915251964,6.641428139417908,0.005378573041762889,0.2353179387934298,0.1947102637551437,0.00046833919339569596,0.06338686417085178
PRGS,0.0121783630787627,0.08875512738132478,0.22239393955517395,0.07191883472012117,0.006907973402998984,0.39691782706094786,0.58290525685398,2.0458169613201946e-12,0.044471476573068304
PRU,0.020197278857388534,0.12645354039558324,-0.35908810832164895,3.524983843095682,0.005729856183566461,0.2976602280071514,0.6654469896218718,3.582319154756971e-15,0.02795497581986815
PWR,0.0068208514321477535,0.07336927776824459,-0.30301199118061767,1.0181487988373075,0.009912131505163556,0.26824382944242975,0.1819272803737215,0.0007554749343968068,0.07534238331361898
QCOM,0.01364096382966857,0.06982272508225681,-0.0340419496452232,-0.23461031092840656,0.005736659643685974,0.44022718956514384,0.4437692160409863,8.501417264408845e-09,0.06528123450838469
RAD,0.04999185549228124,0.18589149418141576,1.7120074091669422,6.295847863149174,0.005580813765750502,0.12323945544652778,0.24650653451156712,6.349543600030738e-05,0.02853894206652465
RAIL,0.004722328964456203,0.12744167081204297,-0.15543528902543813,-0.37929597390165926,0.010904695219346429,0.17726160128505936,0.23969672926040797,8.30802493854409e-05,0.04181572353198254
RBC,0.012275211148670565,0.09103315616700434,-0.02710092564884179,1.2630779529966185,0.0071348558783134374,0.3753032741572233,0.548243845822103,2.048817537765902e-11,0.045124258817275935
RE,0.013995216811445773,0.05194281094427425,-0.8392839391847933,2.6544957622042844,0.0055860099776317475,0.43984833666275175,0.24516962508247617,6.694721779444363e-05,0.10222494339856003
RF,0.004603993622634486,0.16488258714993176,-2.2288847506270537,9.098893955504867,0.01088860431469518,0.1853127021052146,0.43850022685702544,1.1184041368816905e-08,0.02777522861325124
RGA,0.010510837269193975,0.0800886765200546,-0.8813106198363213,1.922936369333267,0.006681828329771621,0.48140356034616383,0.6981852797195887,1.860315778098089e-16,0.041923422975858236
RGS,0.0026012589985342327,0.09248595590077614,-0.1488629678740294,1.461404946590294,0.011286671173013366,0.17495821854872323,0.1229787667872175,0.006467628448822191,0.06188521546107272
RL,0.023472470183757307,0.08898622338066127,0.18014600028197852,0.1447396677062227,0.002839371026868969,0.37927034167337675,0.5349992524993796,4.7224234332849867e-11,0.0468340475966024
RS,0.02331941431643937,0.09683915601274325,-0.18964793994740553,1.0691388158850934,0.005161185299916124,0.2821939446749113,0.3507577138424791,7.770805988397926e-07,0.050852235124533476
SAFM,0.012736369375282145,0.0825791269062865,-0.5034544966837833,0.31709371494288385,0.011182297542442321,0.043928159937339756,0.006180682804557125,0.5539390935582286,0.07378041149843001
SAH,0.03107585121148546,0.2224973820833852,2.0351524140944233,11.689760556902009,0.007631194930020944,0.13227595457918,0.4068379693313711,5.5292949524192386e-08,0.021155310756039488
SANM,0.028861219954675565,0.21608824472068813,-0.013224350637368168,0.12930300984106546,0.007776372605608107,0.1373957931785292,0.4140177998200559,3.876314177230341e-08,0.02165053902246623
SBGI,0.04539205690953535,0.18612826270222568,-0.23227581162053965,0.9181761729930806,0.005876326915672767,0.12921767148374913,0.2716929237481491,2.307239818741246e-05,0.02802222294674026
SCHW,0.008261102197117101,0.08939134462713147,-0.14490410121225672,-0.25352697951574976,0.008450590081207826,0.3983963221422755,0.5957052662779779,8.329388325654139e-13,0.043472159559975534
SCSC,0.013201390313330412,0.09094693276372094,0.21379049546163698,0.086037083363105,0.007324403539264315,0.33461470112400843,0.4349867289023004,1.3410063082464399e-08,0.0505125054691156
SDRL,0.034621684937358566,0.10299569199076068,0.08170339382250748,-0.15762015862265022,0.0008175906657815323,0.3155303436954178,0.4960554655730903,4.842282186666803e-10,0.042124033824600476
SEIC,0.014127871731912203,0.08126332882962957,-0.20810447785074543,0.4216084506064397,0.006282617601401479,0.38641101190408217,0.463124828380685,3.0372165233190397e-09,0.05510610233408505
SFL,0.015360103493781006,0.12500888994881962,-0.23429760612084127,1.6366731473907903,0.009069869130961718,0.17395154163517423,0.22209982684834204,0.00016493436500658666,0.04311999266166035
SGMO,0.02127496596556133,0.1749175668101439,0.06518839476057159,0.23933503860825622,0.009432954229131315,0.10852325629976722,0.16924753277352333,0.001207871967133747,0.03184637724527233
SIRI,0.05873820487180812,0.16132393774076698,1.681397610231427,5.278752012527194,0.005785903325971801,0.10139702941905061,0.12567762077333927,0.005871431288608011,0.03542375750381472
SJM,0.016932791034235447,0.05884026886690057,-0.41012818436230986,2.64638826652961,0.005657795588044135,0.35930209101593164,0.20993200075643884,0.0002631114263190956,0.09232413134908923
SKX,0.01634092628583485,0.16942986786085654,0.2908286019246894,1.6391694786073323,0.00987326896747186,0.11434565049893249,0.17629057799462242,0.0009312688633451676,0.032738191719250916
SKYW,-0.0005839268748105408,0.12545654091041297,-0.6438084966073515,0.8317878011088182,0.011870805433232691,0.22095681054892663,0.3609202596550184,4.892239161964498e-07,0.03894411679217698
SLB,0.013784260745304307,0.09158372992349785,-0.6339659149870784,1.0772754107518203,0.006821524294327765,0.3569475802849349,0.5019441499853882,3.4448082712725887e-10,0.04709538360466073
SLGN,0.012405172130520992,0.054695507609438976,0.18082337895213357,0.8923916824070832,0.009106116870046352,0.21246508436990993,0.06342906551220116,0.05432222392792864,0.10813749964833405
SLM,0.019850809556767456,0.15953584915631397,-2.9967071294915844,18.6297926573787,0.00915498730056118,0.13031183969712168,0.2029991348810838,0.0003424816811562956,0.03420020829128168
SNA,0.018866147624989386,0.0940766382752157,-0.2882206836825535,2.1656644044398456,0.004652132936247887,0.37578683354211545,0.5870249465462068,1.5365997961287592e-12,0.041748200640020404
SNBR,0.07518713986263265,0.24265267030970403,1.8169254219298476,5.6320569322087,0.005803505949486568,0.07897995421482251,0.17250979679104414,0.0010709850576000712,0.022911525076074867
SNCR,0.018487528588891796,0.13318008447718813,-1.288248944317783,4.3409950320766795,0.008691617570054893,0.16498501834142099,0.22676574404540908,0.00013768122370522002,0.04035282090316871
SNPS,0.011559599186654676,0.04292287527442885,-0.20481521145406473,0.20447156487984985,0.005792710166627224,0.5146435054272134,0.2291925329137023,0.00012529399368672859,0.1250091474031843
SON,0.012341634811863011,0.05762253910551052,-0.3755145035781235,1.0173754260553496,0.004157651568920149,0.6145159340779224,0.5889262845200032,1.3451781379583458e-12,0.0680025354974919
SPY,0.013622172309130794,0.04630474173993964,-0.5185234799495737,0.15015691729104574,-0.0017615927140610943,0.9912791602548353,0.9895841785546533,3.3772220492264714e-58,0.013470351850524887
SSI,0.017627461111300684,0.11415588950934547,-0.45752985022541187,1.0045437354701878,0.008042331068527387,0.20986866579905283,0.2695887136584993,2.5137050699704475e-05,0.04575547393780523
SSYS,0.040573352318235945,0.1561841120540414,-0.11468585355508297,0.6968028110811204,0.007845220273953278,0.09603748068103651,0.10567325422931498,0.01199967407380284,0.03700572350369127
STC,0.005597452022944573,0.13627452418121933,-0.8901877755943223,2.198555930730322,0.010913022502769862,0.14806027942958858,0.19121252497269778,0.0005340867620448473,0.04033296757102339
STE,0.01264344505065112,0.06643875155824282,-0.013573089167968453,0.2828021009257702,0.006756331319772304,0.39431116073476374,0.3223524118624909,2.736630185417276e-06,0.07572479884147838
STLD,0.010665739895458553,0.11468279605776953,0.2031169976221976,0.7588537617295361,0.00857589850464009,0.29682744373774633,0.5442701394679824,2.638688159395088e-11,0.03597601974117663
STRA,-0.027629687455230745,0.13428979892005233,-1.053360433734968,2.00853811096306,0.016128638974447128,0.15877328211455669,0.21352599312046228,0.0002293419810021339,0.04036052494908905
STT,0.01142636679412674,0.11518025639720421,-1.4051999831863315,6.652431885023622,0.008682141284099209,0.2677702881771857,0.4467769019597039,7.261341869785674e-09,0.03946660364550002
SUP,0.013962102081284684,0.09638899659965876,0.1050783149386132,0.06239354832281041,0.00842682821870434,0.23742517963107418,0.24599049567360035,6.480679105236672e-05,0.05505776702029419
SXT,0.014304757173530896,0.06573209019600255,0.08336069145308227,-0.4354949275043256,0.004588427331911916,0.5000682915963924,0.5074851969780695,2.491466721892669e-10,0.0652514015661261
SYK,0.011722594076838821,0.06650793006977275,-0.5400118527640633,1.4592351559862955,0.006645002345529341,0.434782645755984,0.392736371530584,1.0978933793987956e-07,0.0716098636131378
SYKE,0.0024856092914578637,0.10767333907236282,-0.7994562843782227,0.47700289568189636,0.011174725654022999,0.22813607967532198,0.2834093470342944,1.4260137143392519e-05,0.048049074980118796
SYNA,0.01890137604312237,0.1384778142805362,-0.37432028207191437,1.989807973119846,0.00966393456959204,0.10993105682084857,0.10884564686712342,0.010716494883664246,0.04166332335509165
SYY,0.00957975490750322,0.04631809301672171,-0.3464584062490148,0.06493376096740766,0.00604769458752868,0.5943876728403823,0.35600064706205226,6.125706064741746e-07,0.10588871741035424
TBI,0.016637503608077798,0.12690049442897375,0.3105830079559945,0.274527355185044,0.007470486231386708,0.2567270116125026,0.49851659249782576,4.2019160918739313e-10,0.03410535801601981
TDS,0.0006892984206295302,0.08582288851428198,-0.18191997826896453,-0.5560023366256925,0.011557293588475638,0.2676478276805284,0.24782411209389787,6.026314796755487e-05,0.06176098578337914
TECD,0.018079981682746056,0.08131799254429739,0.3662398298623459,1.1666494451879377,0.004783452445578763,0.3848637952129347,0.46004177731499074,3.5867696310734077e-09,0.05522695182854067
TECH,0.006118481928979411,0.05745466810531605,-0.7789636233742235,1.550983611319877,0.00858891188955093,0.5153028088383573,0.411704409416748,4.34824599715765e-08,0.0815887199182397
TEX,0.012550957667290953,0.18721077352888607,-0.12582317045308164,0.2868964882085332,0.009355413640487737,0.19013442927244747,0.5951042676417347,8.693731740527615e-13,0.02077296095789504
TGI,0.021486438961347953,0.07907154758613277,0.07778371987461404,2.305725307279702,0.004803745543736347,0.32290307770986476,0.30619261027112477,5.483397421688724e-06,0.064380873484733
THG,0.007816950396371683,0.0615543491790701,-0.4121087795821532,1.5509094540483312,0.009231568166386539,0.3211245459814296,0.18351617663878655,0.0007120862763740978,0.08971657618897257
THO,0.0253023397085557,0.1402093738280388,0.5169739168641886,0.11723952134926696,0.006571960862192354,0.20432189318208704,0.38547282434694685,1.5540607917068935e-07,0.03417048473925731
THRM,0.03394866397094718,0.1448092018398884,0.1988079768137238,0.16167653498117263,0.005907375445413871,0.1718597047872013,0.29090440724673333,1.044425805277516e-05,0.03553970971452093
THS,0.01603303992241021,0.06861072212280556,-0.3487320058904295,-0.5352589023479339,0.010502393603762091,0.07730219693935278,0.013212272203341136,0.3860000056218279,0.08848660293616736
TIVO,0.006350735777000005,0.14938600300843494,-1.2798644202710001,2.757273112888363,0.011058629029440239,0.10757080878953283,0.1212881972719257,0.00687118701349918,0.0383504942583243
TKR,0.01861356833867288,0.12054282457744435,-0.3168262427473643,-0.30107784734449083,0.006347605064344087,0.2897981542759502,0.5731704816623607,3.980003484644671e-12,0.0331240554079943
TLRD,0.024031085020119834,0.11750036197218212,0.32500723279353594,-0.18295957072404967,0.006917193889266327,0.20076450647463798,0.26137385211214936,3.5055364024657046e-05,0.044702393523017456
TRMK,0.007974461530899356,0.07350952639982489,0.3775655099824531,0.6076159841094722,0.008229956297665666,0.44038415661138963,0.4922213876679006,6.03171026091575e-10,0.05924493405773237
TRN,0.023867167927588445,0.14540429312714626,-0.3153133146731885,1.6764413380673657,0.005512327570359424,0.2610052127642928,0.6764920224649351,1.3653215345748959e-15,0.023906880505184545
TROW,0.016089481888189858,0.08977305900701345,0.018856491252369757,1.7945974745512725,0.004622319931210084,0.44249174284453235,0.7411604702947701,2.2697543579869594e-18,0.034635935323697686
TRS,0.05554945902444816,0.14798025751994676,0.5423653420110341,0.8520952915883844,0.0025830972688198634,0.16487443272003802,0.279591551800176,1.6693210720620383e-05,0.035054458497494057
TSN,0.022607323918506467,0.08007961380957238,-0.04956262189156738,0.9781400895905819,0.007522801297370744,0.18662012059535837,0.10489885071203417,0.01233545357126139,0.07220574117300044
TTEC,0.019041540561069607,0.09716092912774334,0.07874765887634057,0.7017381234819267,0.007446267458645074,0.22558654542468326,0.22564180444502552,0.00014381459538236003,0.05535246083381611
TTWO,0.013084206539996777,0.11587190155432972,0.043299592896340014,-0.13802351598977225,0.008805520876784123,0.2244126862122547,0.3175856971840653,3.3644704999734344e-06,0.043571606130585055
TXT,0.015430432831980263,0.1634332935189093,0.2087646942137572,3.744030260392331,0.008510076915412678,0.2094371514498425,0.5502985503159227,1.796031857504713e-11,0.025077212148274013
UCBI,-0.02191636100220737,0.21595153896441197,-1.076378255782323,5.217637401087426,0.013915477236687306,0.09918135693638307,0.21546788893477847,0.00021289380580556802,0.02506725053471798
UFPI,0.01199055192516055,0.1201516416739382,-0.03428831941595765,-0.14552553657728495,0.009148196123075904,0.21630252773123454,0.31724330523949573,3.4145864117728183e-06,0.04203014782735523
UHAL,0.03320213006944554,0.11294193162892173,-0.2484644834389537,0.27148536697192593,0.00385150492914319,0.23764372549996832,0.33835530100059114,1.3546477396833455e-06,0.04401643352255874
UMBF,0.006110280159331282,0.07692513731023755,-0.8358472093018364,0.8390698703930535,0.009338910160706298,0.3932508150227642,0.42981907130297936,1.7479602796974684e-08,0.05999232679532252
UMPQ,0.006105489576159404,0.10720721334583867,-0.5656506068170122,2.0596999581687667,0.009812620585255631,0.3159717503503853,0.5389573331125663,3.688516541770491e-11,0.03870830860548164
UNP,0.023926366668829812,0.06456751813969094,-0.014197106471458054,0.9280356228395337,-0.0020657550717592156,0.5770846061273399,0.6521042399568885,1.1025408630231915e-14,0.05583006296493088
UNT,0.009985024997620754,0.10999134026797336,-0.011757242728700072,0.2792603332147343,0.009083426258772053,0.26623434145053576,0.40276803383453746,6.750336800784009e-08,0.04294085340042979
URBN,0.016226413549137026,0.0948012975337951,-0.18112588854068026,0.54862024980185,0.008805015552431527,0.18098683680506902,0.13827141299458812,0.0037330748139657245,0.05984510201979013
USM,0.0030387890601523315,0.0786429763322335,0.37289408354583037,0.747696195635966,0.010828834964124024,0.30043146502934986,0.26219268598041623,3.391710124724606e-05,0.0667527527008142
UTHR,0.018344634023720118,0.09586842075050701,-0.49481195030503955,0.8932667808442485,0.007858621992453145,0.2116782932767463,0.19342546758551155,0.0004915156778667785,0.05725380074109066
VAR,0.013573888418498582,0.07182677896565694,-0.30673388098388743,0.5089724807073468,0.006862603074249144,0.35945335549408447,0.3130889390717576,4.083390735373735e-06,0.07052149437823713
VG,0.02732989112496103,0.2186206188756989,2.613915829545931,13.75946283518352,0.009698032192351722,0.07478078166079569,0.12553710175374197,0.005901086385937582,0.026141904123918036
VIVO,0.0023645137905553442,0.0889028108281619,-0.2305957987086825,-0.5349094615073544,0.011110926537245628,0.26680169033269,0.26425182561095195,3.1211051944476074e-05,0.05896668962868605
VLO,0.015917075746165413,0.11613066544728692,-0.15686711022024338,0.18423114549293018,0.008238242657418501,0.2201120489613984,0.3068960655556513,5.321603706422964e-06,0.04381369799908613
VLY,-0.0033277632875264233,0.08920441416162304,-1.7563795775616662,7.163490464103399,0.0128680523169732,0.33844639966252626,0.42811687456226555,1.9064591684104778e-08,0.05181135359263902
VMI,0.015211848738501338,0.09318930332112596,-1.572336029044105,6.298338182182242,0.006778863743919776,0.32625351163923805,0.4341625688642734,1.3991190935593546e-08,0.049332987326035506
VSH,0.024573030998443896,0.15378745590643916,0.5812201746273762,0.7552970009417117,0.006850830944295885,0.19903738653138023,0.4400692310957839,1.0309625929546815e-08,0.029737461791710457
VVI,0.004141256195551047,0.13013752214261412,-0.728464414534007,1.7323313972509036,0.010841151872637001,0.2174777164743631,0.3762222303197972,2.405783286381983e-07,0.037091129286473665
VZ,0.012163700492335184,0.051739781709448825,-0.42458099617422984,0.15331382251494396,0.007771263296577815,0.3264236503771951,0.13397454073437853,0.004358211847043571,0.10992548251293777
WAB,0.021323944243155212,0.09305172661001765,0.4097656938017063,3.663425450214042,0.003977083587865553,0.364130534997417,0.5392286128934357,3.6263008892819867e-11,0.04458368464618604
WAFD,0.008948533279035322,0.07688210173019573,-0.7068781187446487,0.7866328670898719,0.007766631983446612,0.44422372985382375,0.5478527693378789,2.1006779218830365e-11,0.053453030620317574
WAL,0.014126592980837405,0.1439897530768171,-0.1155462915771439,1.8909160314986808,0.009281562320532538,0.17415526137020299,0.29535629471531955,8.668589503370483e-06,0.03562959159885147
WBA,0.01659744823598238,0.7111995153576237,0.34328674080915067,25.784900076121335,0.011701397704493603,0.002433211919865784,0.0014065417674281808,0.7779370566866313,0.008587377389652262
WBC,0.029350780603525868,0.11978512577164835,-0.8659901762143315,2.2559199540377204,0.002927214118791658,0.30031803288837267,0.6078248703049104,3.465449920809379e-13,0.03195175917205387
WBS,0.013725940216874588,0.193933861276938,-3.9277504105088403,23.768033488277005,0.009831262900542072,0.1391904585516042,0.3422441855403143,1.1391893503366746e-06,0.025558557934987652
WDC,0.03230852134742807,0.11872970182354169,0.20023253617637113,-0.19579485734601043,0.005449590359864384,0.19475334032943165,0.2511299112569836,5.284148558753903e-05,0.044545261012937626
WDR,0.02706236467815896,0.10297315744371335,-0.8315435774950576,1.6440671734856682,0.0022237445100750687,0.3517075620146136,0.6160576146226162,1.8810204856402657e-13,0.03677618222841968
WEC,0.015464367746097184,0.04282262158157409,-0.7919849511790783,0.8253584520331771,0.006706788926027527,0.3255867921676868,0.09130402398950656,0.02001977533362743,0.13604848009404252
WGO,0.02772794695177618,0.16313423453433767,0.2617651965310152,0.3388723542143901,0.005982510916985479,0.20770639479409234,0.5392619933037159,3.61871581126688e-11,0.025429601411396947
WIRE,0.016789137439603245,0.0902921853932903,0.2869589588589905,0.17490156320222816,0.006751599086106327,0.2972269269476151,0.33828792043179284,1.3587084675265764e-06,0.055060735666284916
WLK,0.0341511774565455,0.13535819760474324,-0.11865030966288974,-0.012772792164655655,0.0031440086362012794,0.251756302930387,0.5454308377332976,2.4512538037022167e-11,0.03044199183981711
WLL,0.021759078687582888,0.134679136548142,-0.2927247336571889,0.36945749088828306,0.006205377164428225,0.2544411796310085,0.5515505296164325,1.6570746785937176e-11,0.030388836832866327
WOR,0.02514251186100968,0.12268929569133216,0.996559266291202,4.819312535271609,0.005389308963193133,0.2526586796619498,0.4513273474929974,5.711349504150327e-09,0.036898407827149655
WSM,0.036303858474355494,0.10212926477958588,0.5920451214555387,0.5584695734650791,0.003310500497448538,0.23224204451678176,0.2642359849038618,3.123104578624289e-05,0.0513306435507383
WSO,0.01828484997382235,0.07358580928838541,0.28483263936974573,1.3380265588268454,0.005836794294531322,0.322944324252228,0.2652487292687378,2.997748236724736e-05,0.07119241826477626
WST,0.019092360703410954,0.05767790485941552,-0.22274468515241658,-0.17061955341665191,0.00278812638663321,0.4689653922758709,0.34364529373439523,1.0700191440145034e-06,0.08584548694380723
WTRG,0.00932170535008261,0.053039527296391574,-0.7209137430627405,0.41913755470555625,0.008923954607551668,0.3022867705000041,0.12073895974634705,0.007007583238492647,0.10804804497813886
WY,0.0015956520975228268,0.13502494934536258,-3.1602651288469517,16.72854405661608,0.011545700320963906,0.1228854915938466,0.12931208875706457,0.005153544233147986,0.042235231332908775
XEL,0.0106802198708483,0.03996233235146386,-0.35854181104007465,0.1371696495556325,0.007762447115956438,0.37258930485934333,0.10412914006406619,0.01267846908647277,0.14475364915322234
XLY,0.02023840511601274,0.054249171151857505,-0.14403329899421843,0.6106315888940803,-0.004216157191886383,0.7884979035547185,0.859403580529919,5.902955003841536e-26,0.042242699728066053
XOM,0.004678363849348371,0.04812939111296883,-0.5935034387106862,0.14361763128046334,0.008695660109017123,0.6511085504364758,0.4612510740930053,3.3606261470109876e-09,0.09320527328466847
XRX,0.006726113107117844,0.10846168045864904,0.16732510885626692,0.1368030385169745,0.00966106822559579,0.3093487359858793,0.5287607475471253,6.942448379014591e-11,0.03868138744592028
ZBH,0.014150654335874842,0.06658250882345743,0.19545027796234454,-0.4836796388192486,0.0050776651231961584,0.47094060331116083,0.46180905133334255,3.2609906072292125e-09,0.06733884799445994
ZBRA,0.015923958387610675,0.07058038311213181,-0.6422051192395231,0.4214350582425599,0.0045137539351303635,0.4539090534093592,0.48207606709796225,1.0703657599144712e-09,0.06231701201012686
ZION,0.003302084539390894,0.15425922967030467,-0.6733407939441274,2.089460476041273,0.011066311205556005,0.2045591503691013,0.46768129156872956,2.3713546106960793e-09,0.02890628961219052
ZIOP,0.033475227282964155,0.24116062839221805,-0.09450358994484341,4.649836985738191,0.009921756259116928,0.05436935614743534,0.08074786572624071,0.02917106105220503,0.024297889883900744
